CourseCode,CourseID,AcademicYear,Semester,CourseName,Period,Building,Classroom
3114703,303749,111,1,實務專題(二),,,
3104011,303752,111,1,配電工程,"三：5, 6, 7",第三教學大樓,三教406(e)
3104092,303756,111,1,控制系統實習,"五：5, 6, 7",第二教學大樓,二教302(e)
3114703,303779,111,1,實務專題(二),,,
3104092,303786,111,1,控制系統實習,"四：7, 8, 9",第二教學大樓,二教304(e)
3114703,303809,111,1,實務專題(二),,,
3104092,303816,111,1,控制系統實習,"一：5, 6, 7",化學工程館,化工205
3314123,303941,111,1,材料光電磁性質,"一：5, 6　四：6",第三教學大樓,三教206(e)
3604052,304050,111,1,計算機網路,"一：7, 8, 9",第三教學大樓,三教109(e)
3604056,304052,111,1,人工智慧,"一：2, 3, 4",化學工程館,化工205
3604075,304057,111,1,無線通訊概論,"五：8, 9, A",第二教學大樓,二教303(e)
3604106,304071,111,1,半導體元件概論,"二：5, 6, 7",第二教學大樓,二教103(e)
3704056,304145,111,1,顧客關係管理與商業智慧,"一：2, 3, 4",億光大樓,億光0612
3844010,304179,111,1,創新講座-創意與創新思維(一),四：A,第一教學大樓,一教1F(e)
3902404,304189,111,1,施工規範與估價,"三：5, 6",億光大樓,億光0612
3904417,304191,111,1,不動產經營與管理,"三：7, 8",第三教學大樓,三教309(e)
4403033,304198,111,1,自動變速,"一：3, 4　三：2",第三教學大樓,三教203(e)
5704020,304249,111,1,策略管理,"三：2　五：3, 4",億光大樓,億光0612
5904202,304272,111,1,實務專題(三),,,
5904319,304278,111,1,嵌入式系統,"三：5, 6, 7",化學工程館,化工305
5904328,304284,111,1,資訊檢索與應用,"三：2, 3, 4",第三教學大樓,三教406(e)
6504002,304301,111,1,實務專題(二),,,
1003001,304400,111,1,體育,"二：1, 2",億光大樓,億光0612
3390044,304401,111,1,中文與台灣文化介紹,"一：7, 8",第二教學大樓,二教307(e)
5902304,304407,111,1,計算機演算法,"一：6　三：5, 6",第二教學大樓,二教307(e)
AB06028,304425,111,1,資訊與財金專題,,,
3004009,304462,111,1,製造學,"五：2, 3, 4",第三教學大樓,三教201(e)
3103064,304540,111,1,訊號與系統,"二：2　四：3, 4",第二教學大樓,二教307(e)
3102093,304541,111,1,微處理機實習,"一：5, 6, 7",第二教學大樓,二教205(e)
3103011,304542,111,1,電力系統(一),"二：6　三：3, 4",第二教學大樓,二教303(e)
3103016,304543,111,1,電機機械(一),"二：9　四：5, 6",第二教學大樓,二教205(e)
3103034,304545,111,1,數位系統,"二：5　三：7, 8",第二教學大樓,二教303(e)
3103035,304546,111,1,作業系統,"五：5, 6, 7",第二教學大樓,二教206(e)
3103037,304547,111,1,電力電子學,"一：8　二：7, 8",第二教學大樓,二教205(e)
3103081,304551,111,1,電磁學,"一：2, 3, 4",第二教學大樓,二教302(e)
3103108,304554,111,1,衛星科技與工程導論,"二：A, B, C",第二教學大樓,二教205(e)
3103064,304559,111,1,訊號與系統,"一：5　三：7, 8",第二教學大樓,二教302(e)
3102093,304560,111,1,微處理機實習,"三：2, 3, 4",第三教學大樓,三教407(e)
3103011,304561,111,1,電力系統(一),"二：7, 8　五：8",第二教學大樓,二教302(e)
3103034,304564,111,1,數位系統,"三：5, 6　五：9",第二教學大樓,二教302(e)
3103037,304566,111,1,電力電子學,"一：6, 7　二：6",第二教學大樓,二教302(e)
3103064,304578,111,1,訊號與系統,"二：5, 6　三：7",第二教學大樓,二教206(e)
3102093,304579,111,1,微處理機實習,"四：2, 3, 4",億光大樓,億光0612
3103011,304580,111,1,電力系統(一),"一：5, 6　三：2",第二教學大樓,二教202(e)
3103034,304583,111,1,數位系統,"二：7, 8　三：4",第二教學大樓,二教206(e)
3103037,304585,111,1,電力電子學,"三：8, 9　五：8",第二教學大樓,二教206(e)
3103081,304589,111,1,電磁學,"一：3, 4　三：3",第二教學大樓,二教203(e)
3203067,304599,111,1,生物化學概論,"二：5, 6　五：5",第三教學大樓,三教307(e)
3203105,304627,111,1,奈米材料與科技,"四：5, 6, 7",億光大樓,億光0612
3603005,304802,111,1,通訊系統實習,"三：2, 3, 4",第三教學大樓,三教408(e)
3603006,304803,111,1,應用軟體設計實習,"五：1, 2, 3",第三教學大樓,三教203(e)
3603009,304804,111,1,實務專題(一),,,
3603090,304805,111,1,專題討論,"三：7, 8",第二教學大樓,二教306(e)
3602061,304807,111,1,計算機結構,"三：9　四：5, 6",第二教學大樓,二教306(e)
3603068,304812,111,1,電磁波,"一：7, 8, 9",億光大樓,億光0612
3603072,304813,111,1,通訊原理,"一：1　二：1, 2",第二教學大樓,二教103(e)
3603096,304819,111,1,FPGA系統設計實務,"一：2, 3, 4",第二教學大樓,二教307(e)
3603005,304832,111,1,通訊系統實習,"五：2, 3, 4",第三教學大樓,三教206(e)
3603006,304833,111,1,應用軟體設計實習,"三：2, 3, 4",第三教學大樓,三教409(e)
3603009,304834,111,1,實務專題(一),,,
3603090,304835,111,1,專題討論,"三：7, 8",第二教學大樓,二教307(e)
3703070,304862,111,1,企業倫理,"四：3, 4",第二教學大樓,二教306(e)
3703054,304866,111,1,自動化概論,"五：5, 6, 7",億光大樓,億光0612
3733002,304873,111,1,生產排程,"一：6, 7, 8",第三教學大樓,三教505(e)
3703070,304877,111,1,企業倫理,"四：8, 9",億光大樓,億光0612
3902015,304924,111,1,建築環境控制系統(一),"五：3, 4",第二教學大樓,二教301(e)
3903446,304929,111,1,循環經濟之建築設計,"五：5, 6",第二教學大樓,二教202(e)
5403512,304982,111,1,韓文(三),"五：5, 6",第三教學大樓,三教206(e)
5404502,304987,111,1,西班牙文(三),"三：3, 4",億光大樓,億光0612
5703021,304992,111,1,管理資訊系統,"三：3, 4　五：2",第三教學大樓,三教503(e)
5703026,304994,111,1,國際金融,"一：5, 6　二：1",第三教學大樓,三教303(e)
5703031,304995,111,1,財務報表分析,"四：1, 2, 3",第三教學大樓,三教301(e)
5723005,305010,111,1,電子商務,"三：5, 6, 7",第三教學大樓,三教501(e)
5902206,305015,111,1,資料庫系統,"二：7　四：1, 2",第一教學大樓,一教302(e)
5903203,305016,111,1,計算機網路,"一：2　三：3, 4",第二教學大樓,二教103(e)
5903204,305017,111,1,實務專題(一),,,
5903210,305018,111,1,專題討論,"四：7, 8",第一教學大樓,一教303(e)
5903301,305020,111,1,視窗程式設計,"四：3, 4, 6",第一教學大樓,一教1F(e)
6503002,305034,111,1,近代物理,"二：8　四：3, 4",第一教學大樓,一教301
6503003,305035,111,1,電子學(二),"三：5, 6　四：5",第二教學大樓,二教203(e)
6503005,305036,111,1,電子實驗(二),"三：7, 8, 9",第二教學大樓,二教204(e)
6503301,305037,111,1,光電實驗(一),"二：5, 6, 7",第一教學大樓,一教301
1001001,305046,111,1,體育,"一：1, 2",第三教學大樓,三教201(e)
3390044,305047,111,1,中文與台灣文化介紹,"一：5, 6",第三教學大樓,三教409(e)
3603059,305048,111,1,作業系統,"一：8, 9　三：8",化學工程館,化工101
3603082,305049,111,1,計算機組織,"五：7, 8, 9",化學工程館,化工101
5901298,305050,111,1,電子學實習,"三：5, 6, 7",化學工程館,化工101
3102084,305051,111,1,電子學(二),"三：2, 3, 4",第三教學大樓,三教504(e)
3603072,305053,111,1,通訊原理,"五：2, 3, 4",第三教學大樓,三教207(e)
5903322,305055,111,1,網頁程式設計,"三：9　五：5, 6",化學工程館,化工101
A503021,305061,111,1,哲學史（一）,"四：5, 6",化學工程館,化工101
A503023,305062,111,1,口語溝通策略與演練,"三：3, 4",第三教學大樓,三教309(e)
A503024,305063,111,1,博物館學,"三：7, 8",億光大樓,億光0612
A503218,305069,111,1,史蹟與文化觀光解說,"四：7, 8",第三教學大樓,三教309(e)
AB03016,305083,111,1,企業倫理,"一：3, 4",第二教學大樓,二教206(e)
AB03024,305084,111,1,投資理財實習,二：8,億光大樓,億光0612
AB02009,305085,111,1,商事法,"五：A, B, C",第二教學大樓,二教302(e)
AB03045,305094,111,1,區塊鏈應用設計,"五：5, 6, 7",化學工程館,化工205
AC03001,305101,111,1,使用者經驗,"三：3, 4",第三教學大樓,三教505(e)
3002011,305146,111,1,工程數學(一),"四：7　五：5, 6",第二教學大樓,二教207(e)
3002011,305157,111,1,工程數學(一),"四：1, 2　五：8",第二教學大樓,二教305(e)
3101082,305168,111,1,電路學(一),"一：7, 8　三：4",第二教學大樓,二教202(e)
3102081,305169,111,1,電子學(一),"三：7　四：3, 4",第二教學大樓,二教205(e)
3102082,305170,111,1,工程數學(一),"一：9　四：5, 6",第二教學大樓,二教201(e)
3102091,305171,111,1,電子學實習(一),"五：2, 3, 4",第三教學大樓,三教208(e)
3102097,305172,111,1,機率,"二：8　三：5, 6",第二教學大樓,二教202(e)
3102104,305175,111,1,計算機網路,"一：2, 3, 4",化學工程館,化工105
3101082,305181,111,1,電路學(一),"一：9　四：3, 4",第一教學大樓,一教303(e)
3102081,305182,111,1,電子學(一),"一：7, 8　二：8",第一教學大樓,一教303(e)
3102082,305183,111,1,工程數學(一),"三：6　五：5, 6",第二教學大樓,二教201(e)
3102091,305184,111,1,電子學實習(一),"四：5, 6, 7",第二教學大樓,二教202(e)
3102097,305185,111,1,機率,"三：7, 8　四：8",第二教學大樓,二教202(e)
3102103,305187,111,1,太空科技應用,"一：A, B",第二教學大樓,二教201(e)
3102104,305188,111,1,計算機網路,"一：2, 3, 4",第三教學大樓,三教302(e)
3101082,305194,111,1,電路學(一),"一：7, 8　四：7",第二教學大樓,二教203(e)
3102081,305195,111,1,電子學(一),"三：5　四：3, 4",第二教學大樓,二教303(e)
3102082,305196,111,1,工程數學(一),"三：7　五：3, 4",第二教學大樓,二教203(e)
3102091,305197,111,1,電子學實習(一),"五：5, 6, 7",第三教學大樓,三教201(e)
3102097,305198,111,1,機率,"三：8　四：8, 9",第二教學大樓,二教203(e)
3202010,305209,111,1,工程數學(一),"一：2　二：7, 8",第三教學大樓,三教206(e)
3202029,305215,111,1,自然科學概論,"二：5　四：8, 9",第三教學大樓,三教209(e)
3202004,305221,111,1,物理化學實習,"四：5, 6, 7",第三教學大樓,三教311(e)
3202005,305222,111,1,質能均衡,"三：3　五：5, 6",第三教學大樓,三教401(e)
3202010,305223,111,1,工程數學(一),"一：5, 6　三：4",第三教學大樓,三教501(e)
3202037,305224,111,1,有機化學(一),"二：6, 7　三：5",第三教學大樓,三教402(e)
3202039,305225,111,1,物理化學(一),"二：2　五：3, 4",化學工程館,化工105
3202010,305237,111,1,工程數學(一),"一：6, 7　三：8",第三教學大樓,三教506(e)
3312108,305257,111,1,製造程序,"一：5　二：5, 6",億光大樓,億光0612
3313142,305259,111,1,奈米材料導論,"一：7, 8　四：7",第三教學大樓,三教209(e)
3322110,305276,111,1,環境工程概論,"一：5, 6　二：7",第三教學大樓,三教407(e)
3403052,305285,111,1,工程數學(一),"一：7, 8　三：7",第三教學大樓,三教206(e)
3402037,305289,111,1,工程經濟學,"四：7, 8",第三教學大樓,三教208(e)
3602001,305326,111,1,工程數學(一),"一：7, 8　二：2",第一教學大樓,一教301
3602007,305327,111,1,電子學(一),"二：5, 6　五：2",第二教學大樓,二教306(e)
3602008,305328,111,1,電子學實習(一),"四：3, 4, 5",第二教學大樓,二教302(e)
3602012,305329,111,1,電路學(一),"一：9　四：7, 8",第一教學大樓,一教301
3602054,305330,111,1,微算機原理及應用實習,"三：5, 6, 7",化學工程館,化工105
3603051,305331,111,1,離散數學,"三：1, 2　五：9",第二教學大樓,二教201(e)
3601010,305332,111,1,通訊工程導論,"五：5, 6, 7",第二教學大樓,二教103(e)
3602053,305333,111,1,微算機原理及應用,"二：8, 9, A",第三教學大樓,三教308(e)
3602056,305334,111,1,光電工程導論,"五：5, 6, 7",第二教學大樓,二教205(e)
3602001,305343,111,1,工程數學(一),"三：7　五：8, 9",第二教學大樓,二教103(e)
3602007,305344,111,1,電子學(一),"三：5, 6　五：3",第二教學大樓,二教103(e)
3602008,305345,111,1,電子學實習(一),"一：7, 8, 9",第二教學大樓,二教303(e)
3602012,305346,111,1,電路學(一),"一：4　四：3, 4",第二教學大樓,二教103(e)
3602054,305347,111,1,微算機原理及應用實習,"四：5, 6, 7",第三教學大樓,三教203(e)
3603051,305348,111,1,離散數學,"一：3　五：1, 2",第二教學大樓,二教103(e)
3602053,305350,111,1,微算機原理及應用,"二：5, 6, 7",第三教學大樓,三教208(e)
3702038,305361,111,1,統計學(一),"二：5, 6　三：5",第三教學大樓,三教502(e)
3703065,305365,111,1,資料庫管理,"一：1, 2, 3",第三教學大樓,三教303(e)
3723058,305367,111,1,雲端應用程式開發與應用,"四：2, 3, 4",第三教學大樓,三教403(e)
3703065,305377,111,1,資料庫管理,"一：5, 6, 7",第三教學大樓,三教309(e)
3722008,305378,111,1,電商多媒體設計實務,"三：8, 9, A",第三教學大樓,三教208(e)
3804002,305385,111,1,行銷學,"五：3, 4",第三教學大樓,三教209(e)
3812001,305386,111,1,產品設計,"一：5, 6, 7, 8　四：5, 6, 7, 8",第三教學大樓,三教507(e)
3812002,305387,111,1,製造程序,"四：3, 4",第三教學大樓,三教406(e)
3832018,305392,111,1,設計表現技法(二),"三：7, 8",第三教學大樓,三教409(e)
3902013,305417,111,1,建築構造學（二）,"二：1, 2",第二教學大樓,二教203(e)
3902019,305419,111,1,建築物理(一),"五：1, 2",億光大樓,億光0612
4402012,305429,111,1,材料力學,"三：3, 4　四：1",化學工程館,化工305
4402032,305432,111,1,電機學,"一：7　五：3, 4",第二教學大樓,二教304(e)
4403053,305433,111,1,工程數學(一),"一：5, 6　四：3",第三教學大樓,三教203(e)
4501505,305442,111,1,冷凍空調原理,"一：5　二：5, 6",第三教學大樓,三教505(e)
4501605,305443,111,1,工程圖學,"五：5, 6, 7",第三教學大樓,三教207(e)
4502101,305444,111,1,電子學(一),"三：3, 4　四：2",第三教學大樓,三教506(e)
4502608,305445,111,1,工程數學（一）,"一：2　三：7, 8",第三教學大樓,三教411(e)
4502907,305446,111,1,冷凍空調實習（一）,"五：2, 3, 4",第三教學大樓,三教211(e)
4502803,305447,111,1,電路學(二),"四：A, B, C",億光大樓,億光0612
5401103,305452,111,1,西洋文學導讀,"二：2　四：3, 4",第三教學大樓,三教201(e)
5402207,305455,111,1,應用語言學,"五：5, 6, 7",第三教學大樓,三教208(e)
5403507,305463,111,1,德文(一),"五：3, 4",第三教學大樓,三教302(e)
5702005,305469,111,1,行銷管理,"二：N　四：3, 4",第三教學大樓,三教407(e)
5703023,305470,111,1,組織行為,"一：2, 3　三：5",第三教學大樓,三教207(e)
5702003,305471,111,1,資料庫系統與應用,"一：8, 9, A",化學工程館,化工305
5901205,305477,111,1,線性代數,"三：1, 2　四：3",第二教學大樓,二教204(e)
5901206,305478,111,1,物件導向程式設計,"一：7　五：3, 4",第二教學大樓,二教206(e)
5902201,305479,111,1,資料結構,"一：3, 4　二：2",第二教學大樓,二教201(e)
5902207,305480,111,1,微算機系統,"一：9　二：5, 6",第二教學大樓,二教207(e)
5902313,305485,111,1,電路學(一),"一：8　二：7, 8",第二教學大樓,二教207(e)
6502001,305490,111,1,工程數學(一),"一：N　二：6, 7",第二教學大樓,二教201(e)
6502003,305491,111,1,電磁學,"一：8　四：6, 7",第二教學大樓,二教103(e)
6502006,305492,111,1,幾何光學,"三：5, 6　四：5",第二教學大樓,二教204(e)
6502012,305493,111,1,光電工程概論 (一),"三：1, 2　四：8",第二教學大樓,二教103(e)
6502109,305494,111,1,電路學(一),"二：5　三：7, 8",第二教學大樓,二教201(e)
3001017,305500,111,1,動力學,"一：1, 2　二：9",第三教學大樓,三教407(e)
3002010,305501,111,1,工程材料,"四：3, 4　五：7",第三教學大樓,三教401(e)
3002011,305502,111,1,工程數學(一),"二：8　三：5, 6",第三教學大樓,三教407(e)
3002012,305503,111,1,材料力學,"一：5　五：5, 6",第二教學大樓,二教204(e)
4401021,305504,111,1,電路學,"四：2　五：8, 9",第三教學大樓,三教207(e)
4401023,305505,111,1,電子學,"一：6, 7　三：3",第三教學大樓,三教411(e)
4501505,305509,111,1,冷凍空調原理,"三：A, B, C",第二教學大樓,二教204(e)
3102081,305522,111,1,電子學(一),"二：2　四：3, 4",第一教學大樓,一教302(e)
3102091,305523,111,1,電子學實習(一),"一：2, 3, 4",第一教學大樓,一教1F(e)
3602001,305524,111,1,工程數學(一),"三：8, 9　五：6",第三教學大樓,三教211(e)
3602002,305525,111,1,電路學(一),"一：8　二：7, 8",第一教學大樓,一教1F(e)
3603051,305526,111,1,離散數學,"一：1　五：3, 4",第一教學大樓,一教1F(e)
3103064,305530,111,1,訊號與系統,"一：7　二：5, 6",第一教學大樓,一教1F(e)
6503303,305538,111,1,電磁學(一),"一：9, A　二：1",第一教學大樓,一教1F(e)
A502246,305562,111,1,文化典藏管理,"一：5, 6",第三教學大樓,三教402(e)
AB02004,305568,111,1,管理學,"五：2, 3, 4",第三教學大樓,三教303(e)
AB02008,305569,111,1,投資學,"三：6, 7, 8",第三教學大樓,三教207(e)
AB02023,305575,111,1,商用程式設計,"一：8, 9, A",第二教學大樓,二教302(e)
AC02001,305580,111,1,人機介面設計,"五：2, 3, 4",第三教學大樓,三教306(e)
AC02512,305590,111,1,數位音樂與聲音設計,"一：2, 3, 4",第三教學大樓,三教306(e)
AT02007,305621,111,1,網頁版型程式設計,"二：5, 6, 7",第三教學大樓,三教408(e)
1101007,305623,111,1,全民國防教育,五：2,化學工程館,化工105
1400099,305625,111,1,服務學習,四：8,第三教學大樓,三教302(e)
1400102,305626,111,1,大學入門與工程倫理,"五：7, 8",第三教學大樓,三教302(e)
1404006,305627,111,1,國文,"三：3, 4",第三教學大樓,三教308(e)
1401032,305629,111,1,微積分,"二：7, 8, 9",第三教學大樓,三教207(e)
1401041,305630,111,1,物理,"四：2, 3, 4",第三教學大樓,三教409(e)
3001012,305631,111,1,機械製圖,"一：7, 8, 9",第三教學大樓,三教502(e)
3001014,305632,111,1,專業基礎實習(一),"一：2, 3, 4",第三教學大樓,三教307(e)
3001016,305633,111,1,計算機程式及實習,"三：5, 6, 7, 8",第三教學大樓,三教503(e)
1101007,305636,111,1,全民國防教育,三：8,第三教學大樓,三教206(e)
1404006,305640,111,1,國文,"三：3, 4",第三教學大樓,三教302(e)
1401032,305642,111,1,微積分,"一：7, 8　四：4",第三教學大樓,三教501(e)
1401041,305643,111,1,物理,"一：2, 3, 4",第三教學大樓,三教208(e)
1101007,305649,111,1,全民國防教育,二：8,第二教學大樓,二教103(e)
1400100,305651,111,1,勞作教育,二：9,第二教學大樓,二教103(e)
1400102,305652,111,1,大學入門與工程倫理,"五：7, 8",化學工程館,化工305
1404006,305653,111,1,國文,"五：1, 2",第一教學大樓,一教301
1401039,305655,111,1,微積分及演練,"一：3, 4　三：1, 2",第二教學大樓,二教205(e)
1401041,305656,111,1,物理,"一：5　四：3, 4",第二教學大樓,二教201(e)
1401043,305657,111,1,物理實驗,"一：6, 7, 8",第二教學大樓,二教204(e)
3101098,305658,111,1,程式設計與實習,"四：5, 6, 7",第二教學大樓,二教307(e)
3101099,305659,111,1,數位邏輯設計,"三：5　五：3, 4",第二教學大樓,二教201(e)
1101007,305665,111,1,全民國防教育,二：6,第二教學大樓,二教205(e)
1400100,305667,111,1,勞作教育,二：9,億光大樓,億光0612
1400102,305668,111,1,大學入門與工程倫理,"五：7, 8",第三教學大樓,三教206(e)
1404006,305669,111,1,國文,"五：1, 2",第二教學大樓,二教303(e)
1401039,305671,111,1,微積分及演練,"二：1, 2　三：1, 2",第二教學大樓,二教206(e)
1401041,305672,111,1,物理,"一：3, 4　四：3",第二教學大樓,二教202(e)
1401043,305673,111,1,物理實驗,"一：5, 6, 7",第三教學大樓,三教508(e)
3101098,305674,111,1,程式設計與實習,"四：5, 6, 7",化學工程館,化工205
3101099,305675,111,1,數位邏輯設計,"三：6, 7　四：4",第二教學大樓,二教207(e)
1101007,305681,111,1,全民國防教育,二：5,第二教學大樓,二教202(e)
1400100,305683,111,1,勞作教育,三：9,第二教學大樓,二教301(e)
1400102,305684,111,1,大學入門與工程倫理,"五：7, 8",第三教學大樓,三教209(e)
1404006,305685,111,1,國文,"五：1, 2",第一教學大樓,一教302(e)
1401039,305687,111,1,微積分及演練,"一：3, 4　三：3, 4",第一教學大樓,一教303(e)
1401041,305688,111,1,物理,"三：1, 2　五：3",第一教學大樓,一教303(e)
1401043,305689,111,1,物理實驗,"一：5, 6, 7",第三教學大樓,三教509(e)
3101098,305690,111,1,程式設計與實習,"三：5, 6, 7",第二教學大樓,二教301(e)
3101099,305691,111,1,數位邏輯設計,"三：8　四：5, 6",第二教學大樓,二教301(e)
1401032,305703,111,1,微積分,"一：5, 6　二：7",第三教學大樓,三教307(e)
3201019,305707,111,1,物理,"一：1　四：1, 2",第三教學大樓,三教302(e)
1404006,305715,111,1,國文,"四：7, 8",化學工程館,化工203
1401032,305717,111,1,微積分,"一：5, 6　二：7",第三教學大樓,三教406(e)
1404006,305729,111,1,國文,"四：7, 8",第二教學大樓,二教306(e)
1401032,305731,111,1,微積分,"一：5, 6　四：5",第三教學大樓,三教511(e)
3201019,305735,111,1,物理,"一：2　二：1, 2",第三教學大樓,三教109(e)
1400100,305741,111,1,勞作教育,一：9,第一教學大樓,一教302(e)
1404006,305743,111,1,國文,"四：3, 4",第三教學大樓,三教411(e)
1401032,305745,111,1,微積分,"三：7, 8　四：2",第三教學大樓,三教306(e)
3301022,305749,111,1,材料科學導論,"一：4　三：3, 4",第三教學大樓,三教507(e)
3301009,305751,111,1,計算機概論,"二：8, 9",第三教學大樓,三教306(e)
1101007,305754,111,1,全民國防教育,三：3,第二教學大樓,二教202(e)
1400100,305756,111,1,勞作教育,一：9,第三教學大樓,三教303(e)
1400102,305757,111,1,大學入門與工程倫理,"五：3, 4",化學工程館,化工305
1404006,305758,111,1,國文,"一：5, 6",第三教學大樓,三教503(e)
1401032,305760,111,1,微積分,"二：7, 8, 9",第三教學大樓,三教303(e)
1401041,305761,111,1,物理,"二：2　五：5, 6",第三教學大樓,三教209(e)
3201002,305762,111,1,化學,"四：7, 8",第三教學大樓,三教408(e)
3201003,305763,111,1,化學實習,"一：2, 3, 4",第三教學大樓,三教308(e)
3321009,305764,111,1,地質學(一),"三：N　四：3, 4",第三教學大樓,三教408(e)
1400099,305770,111,1,服務學習,四：9,第二教學大樓,二教204(e)
1401036,305774,111,1,微積分及演習,"二：1, 2　四：3, 4",第三教學大樓,三教208(e)
1101007,305806,111,1,全民國防教育,一：8,第三教學大樓,三教203(e)
1400100,305808,111,1,勞作教育,一：9,第三教學大樓,三教203(e)
1400102,305809,111,1,大學入門與工程倫理,"五：3, 4",第三教學大樓,三教307(e)
1404006,305810,111,1,國文,"一：5, 6",第六教學大樓,六教226(e)
1401032,305812,111,1,微積分,"三：7, 8　四：2",第三教學大樓,三教209(e)
3501008,305813,111,1,基礎分子物理,"三：3, 4",第三教學大樓,三教403(e)
3501011,305814,111,1,基礎分子化學實驗,"二：7, 8, 9",第三教學大樓,三教309(e)
3534060,305815,111,1,基礎分子化學,"三：9　四：3, 4",第三教學大樓,三教209(e)
3501021,305818,111,1,半導體分子材料與製程檢測,"一：3, 4",第三教學大樓,三教211(e)
1101007,305822,111,1,全民國防教育,一：3,第一教學大樓,一教302(e)
1400099,305824,111,1,服務學習,二：8,第二教學大樓,二教301(e)
1400102,305825,111,1,大學入門與工程倫理,"五：7, 8",第一教學大樓,一教302(e)
1404006,305826,111,1,國文,"四：3, 4",第二教學大樓,二教206(e)
1401032,305827,111,1,微積分,"一：2　三：3, 4",第一教學大樓,一教302(e)
1401041,305828,111,1,物理,"三：5　四：5, 6",第一教學大樓,一教301
1401043,305829,111,1,物理實驗,"三：6, 7, 8",第一教學大樓,一教301
3601005,305830,111,1,數位邏輯設計,"二：2　五：5, 6",第一教學大樓,一教1F(e)
3601009,305831,111,1,高階語言程式實習,"一：4, 5, 6",第一教學大樓,一教302(e)
3601013,305832,111,1,計算機概論,"三：1, 2　五：9",第一教學大樓,一教302(e)
1101007,305842,111,1,全民國防教育,三：2,第一教學大樓,一教301
1400099,305844,111,1,服務學習,二：8,第二教學大樓,二教304(e)
1400102,305845,111,1,大學入門與工程倫理,"五：7, 8",第一教學大樓,一教301
1404006,305846,111,1,國文,"四：3, 4",第二教學大樓,二教301(e)
1401032,305847,111,1,微積分,"一：2　三：3, 4",第一教學大樓,一教301
1401041,305848,111,1,物理,"三：5　四：5, 6",第一教學大樓,一教302(e)
1401043,305849,111,1,物理實驗,"三：6, 7, 8",第一教學大樓,一教302(e)
3601005,305850,111,1,數位邏輯設計,"一：3, 4　五：3",第一教學大樓,一教301
3601009,305851,111,1,高階語言程式實習,"五：4, 5, 6",第一教學大樓,一教301
3601013,305852,111,1,計算機概論,"二：5, 6　四：7",第一教學大樓,一教302(e)
3701020,305870,111,1,會計學,"二：A, B, C",億光大樓,億光0612
3701039,305871,111,1,工業工程與管理概論,"一：3, 4　四：5",第三教學大樓,三教201(e)
3801003,305894,111,1,設計圖學,"五：A, B, C",億光大樓,億光0612
3801004,305895,111,1,設計概論,"四：6, 7",第三教學大樓,三教401(e)
3801079,305903,111,1,攝影學,"一：5, 6, 7",第六教學大樓,六教227(e)
1404006,305914,111,1,國文,"一：3, 4",第三教學大樓,三教206(e)
1401032,305932,111,1,微積分,"二：5, 6, 7",第三教學大樓,三教409(e)
1101007,305944,111,1,全民國防教育,一：7,第二教學大樓,二教207(e)
1400099,305946,111,1,服務學習,二：8,第三教學大樓,三教301(e)
1400102,305947,111,1,大學入門與工程倫理,"五：7, 8",第三教學大樓,三教308(e)
1404006,305948,111,1,國文,"三：1, 2",第二教學大樓,二教304(e)
1401032,305950,111,1,微積分,"三：3, 4　四：3",第三教學大樓,三教211(e)
1401041,305951,111,1,物理,"二：1, 2　四：2",化學工程館,化工305
1401043,305952,111,1,物理實驗,"二：5, 6, 7",第三教學大樓,三教301(e)
4501104,305953,111,1,化學及實驗,"三：5, 6, 7",第三教學大樓,三教504(e)
4501109,305954,111,1,熱力學(一),"一：8, 9　四：6",第三教學大樓,三教208(e)
4501112,305955,111,1,程式設計(一),"五：2, 3, 4",第三教學大樓,三教308(e)
1101007,305957,111,1,全民國防教育,一：6,第二教學大樓,二教201(e)
1400099,305960,111,1,服務學習,二：9,第一教學大樓,一教301
5401203,305966,111,1,文學作品讀法,"二：2　三：5, 6",第三教學大樓,三教211(e)
5701003,305979,111,1,管理學,"二：8, 9　三：2",第三教學大樓,三教109(e)
1101007,305984,111,1,全民國防教育,一：7,第一教學大樓,一教302(e)
1400099,305986,111,1,服務學習,三：9,第一教學大樓,一教1F(e)
1400102,305987,111,1,大學入門與工程倫理,"五：7, 8",第一教學大樓,一教1F(e)
1404006,305988,111,1,國文,"五：3, 4",第一教學大樓,一教302(e)
1401032,305990,111,1,微積分,"三：1, 2　四：5",第一教學大樓,一教1F(e)
5901202,305991,111,1,計算機概論,"三：7, 8　五：9",第一教學大樓,一教1F(e)
5901207,305992,111,1,數位邏輯設計,"一：5, 6　三：5",第一教學大樓,一教1F(e)
5901209,305993,111,1,計算機程式設計(一),"一：8　二：8, 9",第一教學大樓,一教302(e)
5901212,305994,111,1,物理,"三：3　五：1, 2",第一教學大樓,一教1F(e)
1101007,305997,111,1,全民國防教育,一：8,第二教學大樓,二教201(e)
1400099,305999,111,1,服務學習,三：9,第一教學大樓,一教303(e)
1400102,306000,111,1,大學入門與工程倫理,"五：7, 8",第一教學大樓,一教303(e)
1404006,306001,111,1,國文,"五：5, 6",第一教學大樓,一教302(e)
1401032,306003,111,1,微積分,"二：2　四：3, 4",第二教學大樓,二教305(e)
1401043,306004,111,1,物理實驗,"三：6, 7, 8",第一教學大樓,一教303(e)
1401045,306005,111,1,物理,"二：5, 6　三：5",第一教學大樓,一教303(e)
6501002,306006,111,1,計算機概論,"五：2, 3, 4",第三教學大樓,三教309(e)
6503512,306007,111,1,線性代數,"一：3, 4　四：5",第二教學大樓,二教207(e)
6501006,306010,111,1,化學（一）,"一：5, 6, 7",第二教學大樓,二教103(e)
1101007,306014,111,1,全民國防教育,二：8,化學工程館,化工105
1400100,306016,111,1,勞作教育,二：9,化學工程館,化工105
1400102,306017,111,1,大學入門與工程倫理,"五：7, 8",第二教學大樓,二教301(e)
1404006,306018,111,1,國文,"三：1, 2",第二教學大樓,二教302(e)
1401032,306020,111,1,微積分,"三：3, 4　四：3",第三教學大樓,三教206(e)
1401041,306021,111,1,物理,"二：1, 2　四：2",第三教學大樓,三教206(e)
3001011,306022,111,1,靜力學,"五：3, 4",第三教學大樓,三教109(e)
3001014,306023,111,1,專業基礎實習(一),"一：7, 8, 9",第三教學大樓,三教211(e)
3001024,306024,111,1,電工原理及實驗,"一：1, 2, 3, 4",第三教學大樓,三教309(e)
3001056,306025,111,1,機電工程概論,"三：5, 6",第三教學大樓,三教203(e)
4501112,306026,111,1,程式設計(一),"二：5, 6, 7",第三教學大樓,三教109(e)
4501605,306027,111,1,工程圖學,"三：7, 8, 9",第三教學大樓,三教203(e)
1101007,306030,111,1,全民國防教育,二：8,第二教學大樓,二教201(e)
1400100,306032,111,1,勞作教育,二：9,第二教學大樓,二教201(e)
1400102,306033,111,1,大學入門與工程倫理,"五：7, 8",第三教學大樓,三教211(e)
1404006,306034,111,1,國文,"二：5, 6",第二教學大樓,二教203(e)
1401032,306036,111,1,微積分,"一：7　三：3, 4",第二教學大樓,二教201(e)
1401041,306037,111,1,物理,"三：5, 6　四：5",第二教學大樓,二教206(e)
1401043,306038,111,1,物理實驗,"四：6, 7, 8",第二教學大樓,二教206(e)
3601005,306039,111,1,數位邏輯設計,"一：5, 6　五：4",第一教學大樓,一教303(e)
3601011,306040,111,1,計算機程式語言,"二：2　三：7, 8",第二教學大樓,二教304(e)
5901202,306041,111,1,計算機概論,"三：2　四：3, 4",第二教學大樓,二教203(e)
1101007,306046,111,1,全民國防教育,二：2,第一教學大樓,一教303(e)
1400100,306048,111,1,勞作教育,一：9,第三教學大樓,三教302(e)
1400102,306049,111,1,大學入門與工程倫理,"五：3, 4",第三教學大樓,三教311(e)
1404006,306050,111,1,國文,"二：7, 8",第三教學大樓,三教403(e)
1401032,306052,111,1,微積分,"三：1, 2　四：5",化學工程館,化工105
1401041,306053,111,1,物理,"一：2　五：5, 6",化學工程館,化工203
3201001,306054,111,1,化學,"二：1　四：1, 2",第三教學大樓,三教201(e)
3201003,306055,111,1,化學實習,"一：6, 7, 8",第三教學大樓,三教302(e)
3202033,306057,111,1,生物學概論,"三：7, 8",第三教學大樓,三教408(e)
3301022,306058,111,1,材料科學導論,"三：3, 4　四：4",第三教學大樓,三教301(e)
8401029,306075,111,1,試作技術,"一：5, 6, 7",第三教學大樓,三教403(e)
1404006,306091,111,1,國文,"五：3, 4",第二教學大樓,二教305(e)
A501002,306093,111,1,文學史（一）,"一：3, 4",第三教學大樓,三教311(e)
A501204,306099,111,1,網路與多媒體,"二：7, 8",第三教學大樓,三教203(e)
A501209,306100,111,1,基本設計,"三：1, 2",化學工程館,化工305
1400099,306108,111,1,服務學習,四：9,第一教學大樓,一教1F(e)
1401032,306111,111,1,微積分,"一：4　二：1, 2",第三教學大樓,三教207(e)
AB01004,306112,111,1,計算機概論,"五：7, 8, 9",化學工程館,化工105
AB01021,306114,111,1,會計學,"二：8, 9　四：5",第二教學大樓,二教303(e)
1404006,306124,111,1,國文,"一：3, 4",第三教學大樓,三教401(e)
AC11001,306129,111,1,故事板與角色設計,"四：8, 9, A",第三教學大樓,三教203(e)
AC21501,306134,111,1,基礎電腦輔助設計(一),"五：8, 9, A",第二教學大樓,二教304(e)
1001002,306135,111,1,體育,"二：1, 2",第二教學大樓,二教204(e)
AT01006,306140,111,1,基礎電腦輔助設計(一),"三：2, 3, 4",第三教學大樓,三教508(e)
C001015,306156,111,1,日文一,"一：3, 4",第三教學大樓,三教402(e)
3105059,306184,111,1,電力電子電路分析與設計,"四：5, 6, 7",第三教學大樓,三教402(e)
3105148,306202,111,1,高等電腦視覺,"四：5, 6, 7",第三教學大樓,三教403(e)
3105198,306218,111,1,人工智慧與機器學習,"一：5, 6, 7",第六教學大樓,六教325(e)
3615054,306265,111,1,進階C語言實務,"一：A, B, C",億光大樓,億光0612
3635042,306299,111,1,射頻量測技術,"五：5, 6, 7",第三教學大樓,三教109(e)
5905004,306893,111,1,樣式導向軟體設計,"一：5, 6, 7",第三教學大樓,三教401(e)
5905101,306896,111,1,演算法分析與設計,"二：5, 6, 7",第三教學大樓,三教302(e)
5905142,306910,111,1,軟體工程,"二：8　三：8, 9",第三教學大樓,三教302(e)
5905146,306911,111,1,嵌入式系統,"三：5, 6, 7",第三教學大樓,三教401(e)
A505111,307280,111,1,大稻埕文創講座,"一：6, 7, 8",第六教學大樓,六教326(e)
AB05090,307321,111,1,資訊安全與系統稽核,"五：2, 3, 4",第三教學大樓,三教401(e)
1400038,307487,111,1,英文溝通與應用(一),"三：5, 6　四：6",第三教學大樓,三教308(e)
1400038,307489,111,1,英文溝通與應用(一),"三：5, 6　四：6",第三教學大樓,三教505(e)
1400038,307490,111,1,英文溝通與應用(一),"二：7　四：1, 2",化學工程館,化工203
1400038,307491,111,1,英文溝通與應用(一),"二：7　四：1, 2",第二教學大樓,二教307(e)
1400038,307492,111,1,英文溝通與應用(一),"二：7　四：1, 2",化學工程館,化工101
1400038,307493,111,1,英文溝通與應用(一),"四：7　五：5, 6",化學工程館,化工305
1400038,307494,111,1,英文溝通與應用(一),"四：7　五：5, 6",第三教學大樓,三教302(e)
1400038,307498,111,1,英文溝通與應用(一),"二：7　四：1, 2",第二教學大樓,二教203(e)
1400038,307499,111,1,英文溝通與應用(一),"二：7　四：1, 2",第二教學大樓,二教303(e)
1400038,307507,111,1,英文溝通與應用(一),"四：8　五：3, 4",化學工程館,化工205
1400038,307508,111,1,英文溝通與應用(一),"二：7　四：1, 2",第二教學大樓,二教306(e)
1400038,307509,111,1,英文溝通與應用(一),"二：7　四：1, 2",化學工程館,化工205
1400038,307510,111,1,英文溝通與應用(一),"四：7　五：5, 6",第二教學大樓,二教301(e)
1400038,307511,111,1,英文溝通與應用(一),"二：7　四：1, 2",第一教學大樓,一教303(e)
1400038,307512,111,1,英文溝通與應用(一),"三：5, 6　四：6",第三教學大樓,三教408(e)
1400038,307516,111,1,英文溝通與應用(一),"三：7, 8　四：5",第三教學大樓,三教502(e)
1400038,307517,111,1,英文溝通與應用(一),"四：7　五：5, 6",第三教學大樓,三教308(e)
3302034,308772,111,1,電工原理,"一：9　二：8, 9",第三教學大樓,三教201(e)
3312109,308773,111,1,冶金學,"三：A, B, C",第一教學大樓,一教1F(e)
3324127,308774,111,1,陶瓷製程,"三：2, 3, 4",第三教學大樓,三教509(e)
3315133,308777,111,1,半導體製程,"一：3, 4　四：7",第三教學大樓,三教109(e)
3104024,308791,111,1,機電整合,"五：2, 3, 4",第三教學大樓,三教402(e)
3105118,308800,111,1,永磁同步電動機之理論與控制,"四：2, 3, 4",第三教學大樓,三教502(e)
3105204,308804,111,1,電腦輔助積體電路系統設計實務,"五：2, 3, 4",第三教學大樓,三教403(e)
3105087,308805,111,1,高等類比積體電路設計,"二：6, 7, 8",第三教學大樓,三教501(e)
3104130,308806,111,1,機器學習基礎,"五：2, 3, 4",第三教學大樓,三教406(e)
3104104,308809,111,1,機器人與自動化應用,"四：2, 3, 4",第三教學大樓,三教503(e)
3324114,308839,111,1,炸藥與爆破,"三：5, 6　四：9",第三教學大樓,三教201(e)
3324145,308840,111,1,固體廢棄物處理,"一：7　二：5, 6",第三教學大樓,三教203(e)
5902301,308846,111,1,數據通訊系統概論,"一：2　五：7, 8",第二教學大樓,二教201(e)
5903323,308849,111,1,巨量資料分析導論,"一：5, 6　三：7",第二教學大樓,二教305(e)
5905141,308851,111,1,電腦視覺,"一：2, 3, 4",第三教學大樓,三教403(e)
5905176,308855,111,1,電腦動畫,"五：5, 6, 7",第三教學大樓,三教301(e)
0460003,308858,111,1,教育服務學習,"三：3, 4",第三教學大樓,三教306(e)
0461005,308859,111,1,職業教育與訓練,三：9,第一教學大樓,一教301
0461102,308860,111,1,教育心理學,"一：3, 4",第二教學大樓,二教301(e)
0462006,308861,111,1,輔導原理與實務,"三：7, 8",第三教學大樓,三教403(e)
0462102,308862,111,1,課程設計與教學,"一：1, 2",第二教學大樓,二教301(e)
0463038,308868,111,1,電機與電子群教材教法,"二：A, B",第一教學大樓,一教303(e)
0461023,308872,111,1,特殊教育概論,"四：A, B, C",第一教學大樓,一教303(e)
0462005,308874,111,1,教育社會學,"三：1, 2",第二教學大樓,二教306(e)
4403011,308889,111,1,鐵道產業導論,"四：5, 6, 7",第三教學大樓,三教301(e)
4404141,308890,111,1,科技論文表達,"一：5, 6, 7",第六教學大樓,六教327(e)
3002052,308911,111,1,應用電子學,"五：2, 3, 4",第三教學大樓,三教407(e)
3004064,308930,111,1,IC 製程,"一：2, 3, 4",第三教學大樓,三教406(e)
3004130,308938,111,1,鐵道號誌與行車控制系統,"六：2, 3, 4",億光大樓,億光0612
3004011,308947,111,1,生產管理,"五：5, 6, 7",第三教學大樓,三教303(e)
0460008,308959,111,1,教育議題專題,"四：3, 4",第三教學大樓,三教504(e)
C300001,308978,111,1,設計實作,"三：2, 3, 4",第三教學大樓,三教511(e)
3833025,308981,111,1,數位表現技法(一),"五：7, 8, 9",第三教學大樓,三教306(e)
C104007,308987,111,1,離岸風機支撐結構分析與設計,"一：5, 6, 7",第三教學大樓,三教306(e)
C103003,308988,111,1,先進材料化學特論,"五：N, 5, 6",第二教學大樓,二教203(e)
AC03516,308992,111,1,智慧空間互動程式設計,"五：5, 6, 7",第二教學大樓,二教306(e)
AC13504,308993,111,1,行動裝置遊戲設計企劃,"二：8, 9, A",第三教學大樓,三教311(e)
5904302,309039,111,1,軟體工程,"二：8　三：8, 9",化學工程館,化工203
5904347,309040,111,1,演算法分析與設計,"二：5, 6, 7",化學工程館,化工105
5904313,309042,111,1,數位影像處理,"一：8, 9　三：2",第二教學大樓,二教301(e)
5904374,309043,111,1,網路安全與滲透測試,"三：2, 3, 4",第六教學大樓,六教226(e)
5904375,309044,111,1,軟體安全與逆向工程,"二：5, 6, 7",化學工程館,化工305
5905202,309046,111,1,網路安全與滲透測試,"三：2, 3, 4",第六教學大樓,六教227(e)
5905203,309047,111,1,軟體安全與逆向工程,"二：5, 6, 7",第三教學大樓,三教401(e)
5904315,309048,111,1,人工智慧,"二：8, 9　五：2",第二教學大樓,二教203(e)
3842009,309061,111,1,速寫（一）,"一：A, B",第二教學大樓,二教202(e)
5905123,309068,111,1,密碼學,"三：5, 6, 7",第三教學大樓,三教302(e)
5904136,309071,111,1,網路安全,"三：8　五：5, 6",第二教學大樓,二教305(e)
5905190,309080,111,1,嵌入式智慧影像分析與實境界面,"四：2, 3, 4",第三教學大樓,三教505(e)
1404006,309081,111,1,國文,"一：5, 6",第六教學大樓,六教426(e)
1404006,309082,111,1,國文,"四：A, B",第二教學大樓,二教301(e)
1404006,309084,111,1,國文,"一：A, B",第二教學大樓,二教203(e)
1401036,309088,111,1,微積分及演習,"六：1, 2, 3, 4",第一教學大樓,一教302(e)
1401036,309089,111,1,微積分及演習,"一：A, B　二：A, B",第一教學大樓,一教301
3402034,309115,111,1,環境生態學,"三：5, 6",第三教學大樓,三教307(e)
3534081,309163,111,1,民生化學,"五：5, 6",化學工程館,化工105
5105059,309184,111,1,分子模擬,"二：7, 8, 9",第三教學大樓,三教411(e)
AC06206,309191,111,1,遊戲媒體設計,"五：5, 6, 7",第三教學大樓,三教309(e)
6504109,309210,111,1,光電系統設計,"五：7, 8, 9",第二教學大樓,二教202(e)
3002056,309225,111,1,數位電路,"二：5, 6, 7",第三教學大樓,三教311(e)
1400038,309235,111,1,英文溝通與應用(一),"三：5, 6　四：6",第三教學大樓,三教409(e)
3004125,309238,111,1,人工智能機器學習,"五：2, 3, 4",第三教學大樓,三教408(e)
3003106,309245,111,1,精實製造工程,"三：4　四：7, 8",第三教學大樓,三教411(e)
3723061,309293,111,1,網路創業與管理,"五：8, 9, A",第二教學大樓,二教207(e)
3722008,309294,111,1,電商多媒體設計實務,"三：5, 6, 7",第三教學大樓,三教303(e)
3713026,309296,111,1,智慧營運管理,"三：8, 9, A",第三教學大樓,三教303(e)
3603091,309297,111,1,行動通訊導論,"二：5, 6, 7",第三教學大樓,三教201(e)
3604122,309298,111,1,人體解剖學及生理學,"五：3, 4, N",第二教學大樓,二教207(e)
3604141,309299,111,1,新世代網路,"五：5, 6, 7",第二教學大樓,二教307(e)
3603054,309306,111,1,線性代數,"六：2, 3, 4",第一教學大樓,一教303(e)
3604055,309308,111,1,超大型積體電路設計,"二：8, 9, A",第二教學大樓,二教204(e)
3602050,309328,111,1,資料結構,"五：A, B, C",第一教學大樓,一教301
3615018,309330,111,1,VLSI訊號處理架構設計,"二：5, 6, 7",第三教學大樓,三教503(e)
3615050,309333,111,1,深度學習應用開發實務,"二：5, 6, 7",第三教學大樓,三教308(e)
3603053,309349,111,1,複變函數,"二：8, 9, A",第二教學大樓,二教305(e)
5403107,309364,111,1,經貿英文,"一：7, 8, 9",第三教學大樓,三教406(e)
3604171,309411,111,1,全端網頁軟體系統實作,"五：5, 6, 7",第二教學大樓,二教303(e)
6504582,309432,111,1,深度學習與物聯網應用,"五：7, 8, 9",第二教學大樓,二教203(e)
3002815,309433,111,1,資訊安全,"一：8, 9, A",第三教學大樓,三教306(e)
6504591,309436,111,1,生醫光電儀器學,"五：5, 6, 7",第三教學大樓,三教311(e)
1001001,309443,111,1,體育,"三：A, B",億光大樓,億光0612
1004001,309446,111,1,體育,"六：1, 2",第一教學大樓,一教1F(e)
1004001,309447,111,1,體育,"六：3, 4",第一教學大樓,一教1F(e)
1001002,309448,111,1,體育,"三：1, 2",化學工程館,化工101
1001002,309449,111,1,體育,"三：1, 2",第三教學大樓,三教211(e)
1001002,309452,111,1,體育,"三：1, 2",第三教學大樓,三教308(e)
1001002,309453,111,1,體育,"三：1, 2",第三教學大樓,三教302(e)
1001002,309454,111,1,體育,"三：1, 2",第三教學大樓,三教209(e)
1001002,309455,111,1,體育,"四：1, 2",化學工程館,化工105
1001002,309460,111,1,體育,"四：1, 2",第三教學大樓,三教203(e)
1001002,309461,111,1,體育,"四：1, 2",第二教學大樓,二教304(e)
1001002,309462,111,1,體育,"五：1, 2",第二教學大樓,二教205(e)
1001002,309463,111,1,體育,"五：1, 2",第二教學大樓,二教204(e)
1001002,309464,111,1,體育,"五：1, 2",第二教學大樓,二教305(e)
1001002,309465,111,1,體育,"五：1, 2",第二教學大樓,二教301(e)
1001002,309466,111,1,體育,"五：1, 2",第二教學大樓,二教307(e)
1001002,309467,111,1,體育,"五：1, 2",第二教學大樓,二教206(e)
1001002,309469,111,1,體育,"三：3, 4",第二教學大樓,二教207(e)
1001002,309470,111,1,體育,"三：3, 4",第二教學大樓,二教304(e)
1001002,309471,111,1,體育,"三：3, 4",第二教學大樓,二教306(e)
1001002,309472,111,1,體育,"三：3, 4",第二教學大樓,二教302(e)
1001002,309473,111,1,體育,"三：3, 4",第二教學大樓,二教205(e)
1001002,309474,111,1,體育,"三：3, 4",第三教學大樓,三教203(e)
1001002,309475,111,1,體育,"四：3, 4",第二教學大樓,二教304(e)
1001002,309476,111,1,體育,"四：3, 4",第三教學大樓,三教311(e)
1001002,309477,111,1,體育,"四：3, 4",第三教學大樓,三教207(e)
1001002,309478,111,1,體育,"四：3, 4",第三教學大樓,三教109(e)
1001002,309479,111,1,體育,"四：3, 4",化學工程館,化工105
1001002,309480,111,1,體育,"四：3, 4",第三教學大樓,三教309(e)
1001002,309481,111,1,體育,"五：3, 4",化學工程館,化工101
1001002,309483,111,1,體育,"五：3, 4",第二教學大樓,二教307(e)
1001002,309485,111,1,體育,"五：3, 4",化學工程館,化工203
6504581,309502,111,1,光纖感測,"一：2, 3, 4",化學工程館,化工305
3501014,309528,111,1,科技日文,"五：7, 8",化學工程館,化工203
5904301,309540,111,1,網路程式設計,"三：5, 6, 7",第三教學大樓,三教208(e)
AB03019,309552,111,1,金融科技,"四：2, 3, 4",第三教學大樓,三教507(e)
AB03004,309554,111,1,電子商務,"三：7, 8, 9",第三教學大樓,三教109(e)
AB03038,309555,111,1,網路與系統安全,"三：2, 3, 4",第六教學大樓,六教325(e)
1001002,309587,111,1,體育,"一：6, 7",第六教學大樓,六教427(e)
1001002,309590,111,1,體育,"一：6, 7",第三教學大樓,三教208(e)
1001002,309591,111,1,體育,"一：6, 7",第三教學大樓,三教311(e)
1001002,309595,111,1,體育,"二：6, 7",第二教學大樓,二教204(e)
1001002,309597,111,1,體育,"二：6, 7",第二教學大樓,二教301(e)
1001002,309599,111,1,體育,"二：6, 7",第二教學大樓,二教304(e)
1001002,309600,111,1,體育,"二：6, 7",第二教學大樓,二教202(e)
1001002,309601,111,1,體育,"二：6, 7",第二教學大樓,二教305(e)
1001002,309602,111,1,體育,"二：6, 7",第三教學大樓,三教209(e)
1001002,309603,111,1,體育,"三：6, 7",第三教學大樓,三教311(e)
1001002,309606,111,1,體育,"三：6, 7",第三教學大樓,三教506(e)
1001002,309607,111,1,體育,"三：6, 7",第三教學大樓,三教402(e)
1001002,309608,111,1,體育,"三：6, 7",第三教學大樓,三教507(e)
1001002,309611,111,1,體育,"四：6, 7",第三教學大樓,三教303(e)
1001002,309612,111,1,體育,"四：6, 7",第二教學大樓,二教302(e)
1001002,309614,111,1,體育,"四：6, 7",第三教學大樓,三教201(e)
1001002,309616,111,1,體育,"四：6, 7",第三教學大樓,三教406(e)
1001002,309617,111,1,體育,"四：6, 7",第三教學大樓,三教306(e)
1001002,309618,111,1,體育,"四：6, 7",第三教學大樓,三教211(e)
1001002,309619,111,1,體育,"五：6, 7",第三教學大樓,三教307(e)
1001002,309621,111,1,體育,"五：6, 7",第二教學大樓,二教304(e)
1001002,309623,111,1,體育,"五：6, 7",第三教學大樓,三教402(e)
1001002,309624,111,1,體育,"五：6, 7",第三教學大樓,三教403(e)
1001002,309626,111,1,體育,"一：8, 9",第二教學大樓,二教304(e)
1001002,309627,111,1,體育,"一：8, 9",第二教學大樓,二教206(e)
1001002,309628,111,1,體育,"一：8, 9",第二教學大樓,二教306(e)
1001002,309629,111,1,體育,"一：8, 9",第三教學大樓,三教301(e)
1001002,309630,111,1,體育,"一：8, 9",化學工程館,化工105
1001002,309631,111,1,體育,"一：8, 9",化學工程館,化工203
1001002,309632,111,1,體育,"二：8, 9",化學工程館,化工205
1001002,309633,111,1,體育,"二：8, 9",化學工程館,化工101
1001002,309634,111,1,體育,"二：8, 9",第二教學大樓,二教306(e)
1001002,309635,111,1,體育,"二：8, 9",化學工程館,化工305
1001002,309636,111,1,體育,"二：8, 9",第三教學大樓,三教208(e)
1001002,309637,111,1,體育,"二：8, 9",第二教學大樓,二教307(e)
1001002,309638,111,1,體育,"三：8, 9",第二教學大樓,二教205(e)
1001002,309639,111,1,體育,"三：8, 9",化學工程館,化工305
1001002,309640,111,1,體育,"三：8, 9",第二教學大樓,二教207(e)
1001002,309641,111,1,體育,"三：8, 9",化學工程館,化工105
1001002,309642,111,1,體育,"三：8, 9",第二教學大樓,二教103(e)
1001002,309643,111,1,體育,"三：8, 9",化學工程館,化工205
1001002,309644,111,1,體育,"四：8, 9",第一教學大樓,一教302(e)
1001002,309645,111,1,體育,"四：8, 9",第二教學大樓,二教302(e)
1001002,309646,111,1,體育,"四：8, 9",第二教學大樓,二教207(e)
1001002,309647,111,1,體育,"四：8, 9",第二教學大樓,二教307(e)
1001002,309648,111,1,體育,"四：8, 9",第二教學大樓,二教301(e)
1001002,309649,111,1,體育,"四：8, 9",第二教學大樓,二教303(e)
1001002,309650,111,1,體育,"五：8, 9",第三教學大樓,三教201(e)
1001002,309651,111,1,體育,"五：8, 9",億光大樓,億光0612
1001002,309652,111,1,體育,"五：8, 9",第二教學大樓,二教306(e)
1001002,309653,111,1,體育,"五：8, 9",化學工程館,化工205
1001002,309655,111,1,體育,"五：8, 9",第二教學大樓,二教205(e)
AA04055,309686,111,1,學術英語口說與寫作,"一：5, 6",第三教學大樓,三教408(e)
AA04055,309687,111,1,學術英語口說與寫作,"一：A, B",第一教學大樓,一教302(e)
AA04055,309688,111,1,學術英語口說與寫作,"二：A, B",第二教學大樓,二教307(e)
AA04055,309689,111,1,學術英語口說與寫作,"四：5, 6",第三教學大樓,三教207(e)
1400505,309690,111,1,職場英文溝通,"二：8, 9",第三教學大樓,三教402(e)
1400505,309691,111,1,職場英文溝通,"三：3, 4",第三教學大樓,三教307(e)
1400505,309692,111,1,職場英文溝通,"四：6, 7",第二教學大樓,二教303(e)
1400520,309693,111,1,語文測驗(一),"三：1, 2",第三教學大樓,三教206(e)
1400520,309694,111,1,語文測驗(一),"二：5, 6",化學工程館,化工205
1400520,309695,111,1,語文測驗(一),"四：1, 2",第三教學大樓,三教109(e)
1400520,309696,111,1,語文測驗(一),"四：3, 4",第三教學大樓,三教506(e)
1400520,309697,111,1,語文測驗(一),"四：5, 6",化學工程館,化工305
1400520,309698,111,1,語文測驗(一),"三：5, 6",第三教學大樓,三教109(e)
1400520,309699,111,1,語文測驗(一),"四：1, 2",第二教學大樓,二教207(e)
1400520,309700,111,1,語文測驗(一),"二：5, 6",第三教學大樓,三教206(e)
1400520,309701,111,1,語文測驗(一),"三：5, 6",第三教學大樓,三教209(e)
1400521,309702,111,1,語文測驗(二),"一：8, 9",化學工程館,化工205
1400523,309703,111,1,語文測驗(四),"二：7, 8",第三教學大樓,三教211(e)
1400523,309704,111,1,語文測驗(四),"二：8, 9",第三教學大樓,三教209(e)
1410202,309733,111,1,微積分輔導課程,一：A,第二教學大樓,二教306(e)
1410202,309735,111,1,微積分輔導課程,四：A,第二教學大樓,二教201(e)
1410202,309736,111,1,微積分輔導課程,二：A,第二教學大樓,二教103(e)
AA01003,309737,111,1,國際觀培養:韓文(一),"一：3, 4",第三教學大樓,三教408(e)
AA01006,309739,111,1,國際觀培養:馬來文化與語言,"三：3, 4",第三教學大樓,三教303(e)
AA01011,309740,111,1,國際觀培養:德文(一),"三：3, 4",第三教學大樓,三教311(e)
AA01013,309741,111,1,國際觀培養:法文(一),"一：1, 2",化學工程館,化工101
AA04001,309743,111,1,國際觀培養:印尼文化與語言,"三：5, 6",第三教學大樓,三教309(e)
AA04015,309746,111,1,國際觀培養:越南文化與語言(二),"一：5, 6",第三教學大樓,三教201(e)
AA04019,309747,111,1,國際觀培養:日語與文化(一),"三：5, 6",第三教學大樓,三教206(e)
AA04023,309748,111,1,國際觀培養:日語與文化(二),"三：7, 8",第三教學大樓,三教201(e)
AA04028,309749,111,1,國際觀培養:越南文化與語言(一),"一：3, 4",第二教學大樓,二教204(e)
AA04043,309750,111,1,國際觀培養:德文(二),"三：5, 6",第三教學大樓,三教403(e)
AA01015,309755,111,1,國際觀培養:法文(二),"一：3, 4",化學工程館,化工203
3105006,309793,111,1,電子電路分析與設計,"二：5, 6, 7",第三教學大樓,三教504(e)
5703110,309794,111,1,創業講座—創業是一場馬拉松,三：A,第三教學大樓,三教109(e)
AA02005,309857,111,1,人本設計：創新創業設計思考跨域,"二：5, 6",化學工程館,化工203
AA04056,309858,111,1,職涯講座課程,三：A,化學工程館,化工203
6504573,309881,111,1,半導體元件物理含實習,"三：2, 3, 4",第六教學大樓,六教326(e)
5703119,309882,111,1,數位組織與轉型,"一：5, 6, 7",化學工程館,化工305
5704021,309887,111,1,企業經營與診斷,"四：N, 5, 6",第一教學大樓,一教303(e)
9904001,309919,111,1,行動通訊,"四：A, B, C",第二教學大樓,二教202(e)
9904004,309920,111,1,模糊控制,"一：2, 3, 4",第二教學大樓,二教306(e)
9904005,309921,111,1,圖形識別,"三：2, 3, 4",第六教學大樓,六教327(e)
1418003,309927,111,1,創業概論,"五：5, 6",第一教學大樓,一教303(e)
1410196,309928,111,1,統計與生活,"五：7, 8",第二教學大樓,二教204(e)
1418001,309938,111,1,創新與創業,"一：5, 6",第三教學大樓,三教209(e)
1411022,309940,111,1,音樂概論,"二：5, 6",第二教學大樓,二教307(e)
1410171,309949,111,1,哲學入門,"一：1, 2",第二教學大樓,二教303(e)
1411022,309950,111,1,音樂概論,"一：1, 2",第二教學大樓,二教304(e)
1412013,309951,111,1,戰爭影像與戰爭史,"一：1, 2",第二教學大樓,二教205(e)
1410142,309952,111,1,心理與人生,"一：1, 2",第二教學大樓,二教305(e)
1415001,309953,111,1,經濟學概論,"一：1, 2",第二教學大樓,二教202(e)
1415021,309954,111,1,親密關係,"一：1, 2",第二教學大樓,二教206(e)
1416012,309955,111,1,邏輯推理與應用,"一：1, 2",第二教學大樓,二教203(e)
1416013,309956,111,1,生態與環保,"一：1, 2",第一教學大樓,一教303(e)
1418001,309957,111,1,創新與創業,"一：1, 2",第二教學大樓,二教204(e)
1418013,309958,111,1,APP 設計入門與應用,"一：1, 2",第二教學大樓,二教207(e)
1410081,309959,111,1,藝術概論,"一：3, 4",第二教學大樓,二教305(e)
1411022,309960,111,1,音樂概論,"一：3, 4",第三教學大樓,三教409(e)
1412021,309961,111,1,臺灣近現代戰爭史,"一：3, 4",第二教學大樓,二教303(e)
1410044,309962,111,1,經濟變遷與發展,"一：3, 4",第三教學大樓,三教411(e)
1415001,309963,111,1,經濟學概論,"一：3, 4",第三教學大樓,三教501(e)
1415021,309965,111,1,親密關係,"一：3, 4",第三教學大樓,三教209(e)
1416012,309966,111,1,邏輯推理與應用,"一：3, 4",第二教學大樓,二教304(e)
1418013,309968,111,1,APP 設計入門與應用,"一：3, 4",第三教學大樓,三教502(e)
1415009,309969,111,1,領導概論,"一：5, 6",第三教學大樓,三教504(e)
1410081,309970,111,1,藝術概論,"一：5, 6",第三教學大樓,三教301(e)
1410082,309971,111,1,音樂欣賞,"一：5, 6",第三教學大樓,三教502(e)
1412018,309972,111,1,台灣歷史與文化,"一：5, 6",第三教學大樓,三教109(e)
1410145,309973,111,1,智慧財產權,"一：5, 6",第三教學大樓,三教211(e)
1410175,309975,111,1,婚姻與家庭,"一：5, 6",第六教學大樓,六教525(e)
1416004,309976,111,1,生命科學概論,"一：5, 6",第三教學大樓,三教207(e)
1416019,309977,111,1,Python程式設計概論與應用,"一：5, 6",第三教學大樓,三教308(e)
1411002,309979,111,1,文學概論,"二：5, 6",化學工程館,化工101
1410145,309980,111,1,智慧財產權,"二：5, 6",第三教學大樓,三教306(e)
1410170,309981,111,1,膳食與生活,"二：5, 6",第三教學大樓,三教309(e)
1416004,309982,111,1,生命科學概論,"二：5, 6",第三教學大樓,三教207(e)
1418001,309983,111,1,創新與創業,"二：5, 6",第三教學大樓,三教211(e)
1418004,309984,111,1,創業與財務概論,"二：5, 6",第三教學大樓,三教303(e)
1410171,309985,111,1,哲學入門,"三：1, 2",第三教學大樓,三教207(e)
1411021,309986,111,1,生活美學,"三：1, 2",第三教學大樓,三教201(e)
1415017,309987,111,1,職場倫理,"三：1, 2",第三教學大樓,三教303(e)
1410088,309988,111,1,法學概論,"三：1, 2",化學工程館,化工203
1410142,309989,111,1,心理與人生,"三：1, 2",第三教學大樓,三教306(e)
1415002,309990,111,1,社會學概論,"三：1, 2",第三教學大樓,三教307(e)
1416002,309991,111,1,現代科技概論,"三：1, 2",第二教學大樓,二教307(e)
1416019,309992,111,1,Python程式設計概論與應用,"三：1, 2",第二教學大樓,二教305(e)
1418003,309993,111,1,創業概論,"三：1, 2",第二教學大樓,二教303(e)
1418004,309994,111,1,創業與財務概論,"三：1, 2",化學工程館,化工205
1418009,309995,111,1,創業與國際貿易,"三：1, 2",第二教學大樓,二教207(e)
1410171,309996,111,1,哲學入門,"三：3, 4",第三教學大樓,三教201(e)
1410231,309997,111,1,生命教育,"三：3, 4",第二教學大樓,二教301(e)
1411021,309998,111,1,生活美學,"三：3, 4",化學工程館,化工101
1412015,309999,111,1,台灣物質史,"三：3, 4",第二教學大樓,二教305(e)
1410054,310000,111,1,當代社會問題探討,"三：3, 4",第三教學大樓,三教109(e)
1410142,310001,111,1,心理與人生,"三：3, 4",化學工程館,化工203
1410192,310002,111,1,溝通管理,"三：3, 4",第三教學大樓,三教208(e)
1415013,310003,111,1,攝影與社會,"三：3, 4",第二教學大樓,二教307(e)
1416019,310004,111,1,Python程式設計概論與應用,"三：3, 4",第二教學大樓,二教204(e)
1418002,310005,111,1,創新思考,"三：3, 4",第三教學大樓,三教207(e)
1410085,310007,111,1,歌劇欣賞,"四：1, 2",第二教學大樓,二教302(e)
1410101,310008,111,1,藝術欣賞,"四：1, 2",第一教學大樓,一教301
1411015,310009,111,1,愛情與文學,"四：1, 2",第二教學大樓,二教202(e)
1410042,310010,111,1,國際關係,"四：1, 2",第二教學大樓,二教301(e)
1410068,310011,111,1,人際關係,"四：1, 2",第二教學大樓,二教206(e)
1415021,310012,111,1,親密關係,"四：1, 2",第二教學大樓,二教201(e)
1410103,310013,111,1,植物與糧食,"四：1, 2",第一教學大樓,一教1F(e)
1416013,310014,111,1,生態與環保,"四：1, 2",第二教學大樓,二教103(e)
1418009,310015,111,1,創業與國際貿易,"四：1, 2",第二教學大樓,二教205(e)
1410101,310017,111,1,藝術欣賞,"四：5, 6",第三教學大樓,三教109(e)
1410206,310018,111,1,台灣科技發展史,"四：5, 6",第三教學大樓,三教302(e)
1410068,310020,111,1,人際關係,"四：5, 6",化學工程館,化工203
1410170,310021,111,1,膳食與生活,"四：5, 6",第二教學大樓,二教305(e)
1416020,310022,111,1,都市化與自然生態,"四：5, 6",第三教學大樓,三教309(e)
1418015,310024,111,1,人工智慧概論,"四：5, 6",第二教學大樓,二教304(e)
1410206,310026,111,1,台灣科技發展史,"五：1, 2",第二教學大樓,二教201(e)
1413001,310027,111,1,倫理學概論,"五：1, 2",第二教學大樓,二教304(e)
1410053,310028,111,1,民法概要,"五：1, 2",第二教學大樓,二教202(e)
1410240,310030,111,1,勞動法,"五：1, 2",第一教學大樓,一教303(e)
1410104,310031,111,1,醫學與生活,"五：1, 2",化學工程館,化工205
1416018,310032,111,1,健康促進與危急救護,"五：1, 2",第二教學大樓,二教302(e)
1418003,310033,111,1,創業概論,"五：1, 2",第二教學大樓,二教207(e)
3604154,310034,111,1,科技新創事業與行銷策略,"三：9, A, B",第二教學大樓,二教303(e)
9100123,310056,111,1,刑法總則,"二：A, B",第二教學大樓,二教201(e)
9100145,310057,111,1,行政法,"一：C, D",第一教學大樓,一教302(e)
9100149,310058,111,1,民法債編,"五：C, D",第一教學大樓,一教302(e)
1410193,310062,111,1,網路法律問題探討,"三：7, 8",第三教學大樓,三教307(e)
1411019,310074,111,1,管弦樂漫談,"一：7, 8",第三教學大樓,三教308(e)
1411021,310075,111,1,生活美學,"一：7, 8",第三教學大樓,三教307(e)
1410087,310076,111,1,時間學,"一：7, 8",第三教學大樓,三教207(e)
1410106,310077,111,1,媒體與社會,"一：7, 8",第三教學大樓,三教303(e)
1416021,310078,111,1,病毒學概論,"一：7, 8",第二教學大樓,二教305(e)
1418002,310079,111,1,創新思考,"一：7, 8",第三教學大樓,三教201(e)
1410039,310080,111,1,論語,"三：5, 6",第二教學大樓,二教205(e)
1410082,310081,111,1,音樂欣賞,"三：5, 6",化學工程館,化工203
1410128,310082,111,1,台灣的歷史與古蹟,"三：5, 6",化學工程館,化工205
1410175,310083,111,1,婚姻與家庭,"三：5, 6",第三教學大樓,三教306(e)
1414001,310084,111,1,憲法與人權,"三：5, 6",第二教學大樓,二教304(e)
1414003,310085,111,1,資訊法律,"三：5, 6",第三教學大樓,三教301(e)
1416025,310086,111,1,人工智慧與量子計算應用介紹,"三：5, 6",第二教學大樓,二教306(e)
1418004,310087,111,1,創業與財務概論,"三：5, 6",第二教學大樓,二教305(e)
1412019,310089,111,1,歷史名著選讀,"三：7, 8",第三教學大樓,三教301(e)
1410063,310096,111,1,台灣文學史,"四：3, 4",第三教學大樓,三教508(e)
1411001,310097,111,1,文化概論,"四：3, 4",第三教學大樓,三教303(e)
1411021,310098,111,1,生活美學,"四：3, 4",第三教學大樓,三教308(e)
1410043,310099,111,1,認識中國大陸,"四：3, 4",第三教學大樓,三教302(e)
1410210,310100,111,1,博雅講座(二),"四：3, 4",化學工程館,化工205
1415002,310101,111,1,社會學概論,"四：3, 4",第三教學大樓,三教509(e)
1415021,310102,111,1,親密關係,"四：3, 4",第三教學大樓,三教306(e)
1416009,310103,111,1,環境與自然保育,"四：3, 4",化學工程館,化工305
1418002,310104,111,1,創新思考,"四：3, 4",第三教學大樓,三教307(e)
1410082,310105,111,1,音樂欣賞,"四：7, 8",化學工程館,化工101
1410101,310106,111,1,藝術欣賞,"四：7, 8",第二教學大樓,二教204(e)
1412019,310107,111,1,歷史名著選讀,"四：7, 8",第二教學大樓,二教201(e)
1415017,310108,111,1,職場倫理,"四：7, 8",化學工程館,化工105
1410068,310109,111,1,人際關係,"四：7, 8",第三教學大樓,三教206(e)
1415016,310110,111,1,勞動影像與當代台灣社會,"四：7, 8",第三教學大樓,三教207(e)
1415021,310111,111,1,親密關係,"四：7, 8",第二教學大樓,二教305(e)
1416016,310112,111,1,營養、運動與健康,"四：7, 8",第一教學大樓,一教1F(e)
1418008,310113,111,1,創業之品牌管理與行銷,"四：7, 8",第二教學大樓,二教205(e)
1410081,310114,111,1,藝術概論,"五：3, 4",第二教學大樓,二教303(e)
1412018,310115,111,1,台灣歷史與文化,"五：3, 4",第二教學大樓,二教202(e)
1410053,310116,111,1,民法概要,"五：3, 4",第二教學大樓,二教205(e)
1410240,310117,111,1,勞動法,"五：3, 4",第三教學大樓,三教409(e)
1410072,310118,111,1,心理成長團體,"五：3, 4",第二教學大樓,二教302(e)
1415012,310119,111,1,媒體、企業與政治,"五：3, 4",第三教學大樓,三教411(e)
1416018,310120,111,1,健康促進與危急救護,"五：3, 4",第二教學大樓,二教204(e)
1418002,310121,111,1,創新思考,"五：3, 4",第二教學大樓,二教306(e)
1411009,310124,111,1,二十世紀中國現代文學與文化建構,"三：3, 4",化學工程館,化工205
1413005,310127,111,1,社會哲學,"三：7, 8",第三教學大樓,三教308(e)
1410196,310128,111,1,統計與生活,"三：7, 8",第三教學大樓,三教505(e)
14E1022,310133,111,1,基礎新聞英語(一),"一：3, 4",化學工程館,化工101
14E2078,310135,111,1,資訊科技英文(一),"一：3, 4",第三教學大樓,三教407(e)
14E1027,310141,111,1,基礎科技英文(一),"一：5, 6",第二教學大樓,二教304(e)
14E1018,310142,111,1,基礎英文閱讀與字彙(一),"一：5, 6",第二教學大樓,二教306(e)
14E2080,310143,111,1,創新創業英文(一),"一：5, 6",第二教學大樓,二教301(e)
14E2064,310144,111,1,專業英文-電資(一),"一：5, 6",第一教學大樓,一教301
14E2072,310145,111,1,國際時事英文(一),"一：5, 6",第二教學大樓,二教203(e)
14E2076,310146,111,1,科技與工程英文(一),"一：5, 6",第二教學大樓,二教206(e)
14E2078,310147,111,1,資訊科技英文(一),"一：5, 6",第二教學大樓,二教207(e)
14E2051,310148,111,1,旅遊產業英文,"一：5, 6",化學工程館,化工105
14E3060,310149,111,1,運動英文,"一：5, 6",化學工程館,化工203
14E3072,310150,111,1,進階專業英文- 電資(一),"一：5, 6",化學工程館,化工101
14E3085,310151,111,1,學術英文(一),"一：5, 6",第二教學大樓,二教303(e)
14E2056,310163,111,1,專業英文-工程(一),"四：3, 4",第三教學大樓,三教511(e)
14E1018,310164,111,1,基礎英文閱讀與字彙(一),"三：1, 2",第三教學大樓,三教208(e)
14E1029,310170,111,1,多媒體英文(一),"三：3, 4",第三教學大樓,三教209(e)
14E2051,310173,111,1,旅遊產業英文,"三：3, 4",第三教學大樓,三教402(e)
AB01026,310176,111,1,金融常識與職業道德,"四：A, B, C",第二教學大樓,二教304(e)
AB03057,310183,111,1,數位轉型研討,"五：8, 9",第三教學大樓,三教203(e)
AB03058,310187,111,1,雲端與物聯網安全,"四：9, A, B",第一教學大樓,一教301
1415009,310196,111,1,領導概論,"三：3, 4",化學工程館,化工105
1410082,310199,111,1,音樂欣賞,"四：1, 2",第二教學大樓,二教204(e)
AB02024,310201,111,1,財金時事選讀,"四：9, A, B",第二教學大樓,二教205(e)
14E3066,310205,111,1,進階專業英文-工程(一),"四：3, 4",第六教學大樓,六教226(e)
1418003,310228,111,1,創業概論,"四：3, 4",化學工程館,化工203
1418005,310229,111,1,新創事業與專利,"四：5, 6",第三教學大樓,三教209(e)
5925105,310262,111,1,電腦通訊網路,"二：8　三：8, 9",第三教學大樓,三教401(e)
5904377,310264,111,1,工控資訊安全技術,"五：2, 3, 4",第三教學大樓,三教501(e)
AAA0023,310271,111,1,AI 機器視覺結合深度學習實作,"四：3, 4",化學工程館,化工101
AAA0022,310272,111,1,職涯能力培訓課程,四：5,第二教學大樓,二教103(e)
6504587,310382,111,1,光機設計含實習,"五：A, B, C",第二教學大樓,二教202(e)
6505021,310385,111,1,光機設計及實習,"五：A, B, C",第一教學大樓,一教303(e)
1400029,310392,111,1,校外實習,,,
1400029,310393,111,1,校外實習,,,
1400029,310394,111,1,校外實習,,,
1400029,310427,111,1,校外實習,,,
3203105,310475,111,1,奈米材料與科技,"五：5, 6, 7",第三教學大樓,三教406(e)
1400038,310479,111,1,英文溝通與應用(一),"四：A, B, C",第二教學大樓,二教307(e)
14E0002,310480,111,1,多元英文,"一：B, C",第一教學大樓,一教1F(e)
1420003,310496,111,1,大腦裡的偵探：知覺、感覺與錯覺,"三：5, 6",第三教學大樓,三教508(e)
1420003,310497,111,1,發呆與睡眠,"一：7, 8",第三教學大樓,三教407(e)
1420003,310498,111,1,基礎程式設計,"二：A, B",第一教學大樓,一教1F(e)
1420004,310500,111,1,人工智慧導論,"四：A, B",第二教學大樓,二教203(e)
3605003,310544,111,1,專題研究,,,
1420003,310616,111,1,生物多樣性,"一：3, 4",第三教學大樓,三教503(e)
1420003,310620,111,1,環境、地理與心理,"五：5, 6",第三教學大樓,三教306(e)
C005006,310658,111,1,半導體機台基礎,"六：1, 2",第二教學大樓,二教201(e)
1418016,314873,111,1,社會責任與社會創新,六：1,億光大樓,億光0612
0199998,314904,111,1,臺灣通史（三）,,,
0199998,314905,111,1,司馬遷至劉知幾史學的發展,,,
0199998,314908,111,1,美洲史（一）：殖民時期,,,
6504576,314916,111,1,彈性工時學期校外實習,,,
6504118,314917,111,1,學期校外實習,,,
1400029,314947,111,1,校外實習,,,
5904346,314949,111,1,校外實務實習(一),,,
3104097,314951,111,1,學期校外實習,,,
1400029,314952,111,1,校外實習,,,
3601058,314960,111,1,實務校外實習(一),,,
